vcenter_host_scope,datastore,status,deleted_vmdk_count,deleted_size_gb,remaining_vmdk_count,remaining_size_gb,validations,baseline_job_id,verification_job_id,created_at,updated_at
s2001.ms,STA_LUN_0000,datastore_removed,12,16762.88,0,0.0,2,bf2d4c54-0be3-4a36-ae0a-12854dc4c711,1f5ceb84-d596-4877-b294-2263dbaf2171,2026-03-06 19:58:23,2026-03-10 12:17:26
s2001.ms,STD_LUN_07,partial_cleanup,1,10240.0,0,0.0,1,19697c70-b983-4277-8193-b76d99f5b6f9,4be24884-02fe-4731-baee-405601fb077d,2026-06-01 18:39:14,2026-06-01 18:39:14
s2001.ms,STB_LUN_03,datastore_removed,9,2810.851,0,0.0,2,35e3429b-01a5-4b68-9550-1bae9949d27b,da09a8b9-7165-4d68-8cc4-c33d5828b38c,2026-04-07 00:07:07,2026-04-07 00:07:07
s2001.ms,STB_LUN_02,partial_cleanup,2,1024.001,0,0.0,1,35e3429b-01a5-4b68-9550-1bae9949d27b,e2a47f1f-0880-419a-99f9-a503d97c26c8,2026-03-27 12:33:31,2026-03-27 12:33:31
s2001.ms,STB_LUN_04,datastore_removed,29,931.534,0,0.0,1,35e3429b-01a5-4b68-9550-1bae9949d27b,54b2162c-eb47-409d-ad3c-bd6209a06f2e,2026-03-27 12:35:41,2026-03-27 12:35:41
s2000.ms,STA_LUN_11,datastore_removed,5,653.134,0,0.0,1,d50fbce4-1647-4f2e-8f3c-ee8f09b1933b,3b399160-9c5c-4816-a8f6-e1343af2ed2c,2026-03-16 12:20:35,2026-03-16 12:20:35
s2001.ms,STB_LUN_05,datastore_removed,6,518.244,0,0.0,1,35e3429b-01a5-4b68-9550-1bae9949d27b,01a97899-4a22-4c38-ac33-4ce2303434c8,2026-03-27 12:36:38,2026-03-27 12:36:38
s2001.ms,STD_LUN_02,partial_cleanup,13,448.876,0,0.0,1,19697c70-b983-4277-8193-b76d99f5b6f9,4e663a7d-4c50-4847-b9f6-c7f0080af8bd,2026-06-01 18:06:55,2026-06-01 18:06:55
s2001.ms,STA_LUN_10,datastore_removed,2,355.738,0,0.0,1,aee7556b-3869-4833-b333-96bbdef71690,aa301a0a-ac08-4ab2-a9e5-a36eb47974d3,2026-03-13 19:20:22,2026-03-13 19:20:22
s2001.ms,STB_LUN_10,datastore_removed,8,341.081,0,0.0,3,45c71636-d2f1-43f9-8345-f6fc99515f1f,0be988ba-45d2-4062-bbef-5552a3ea9c51,2026-04-08 15:14:20,2026-04-08 15:14:20
s2001.ms,STA_LUN_08,datastore_removed,4,316.021,0,0.0,3,b9018474-2a6e-4df2-b3c0-e1c80cf4934a,6b74a2de-6212-48bb-b665-b6611adfe164,2026-03-13 13:34:31,2026-03-13 13:34:31
s2000.ms,STA_LUN_01,partial_cleanup,8,217.202,0,0.0,1,45db7c30-e273-4305-9790-7c85a0284418,2a394d72-427b-4190-a3bc-9ef1aea5d2db,2026-05-26 11:45:05,2026-05-26 11:45:05
s2001.ms,STB_LUN_08,datastore_removed,3,200.001,0,0.0,1,30f81eea-91f8-4748-ab47-23d5f97b50bf,e4450151-3708-4741-beb3-347610ce5f4a,2026-04-08 19:41:33,2026-04-08 19:41:33
s2000.ms,STA_LUN_12,datastore_removed,6,184.488,0,0.0,1,d50fbce4-1647-4f2e-8f3c-ee8f09b1933b,d94b9919-16ef-4c28-99d7-db0a45d9a816,2026-03-16 12:20:56,2026-03-16 12:20:56
s2001.ms,STC_LUN_04,datastore_removed,1,175.928,0,0.0,1,19697c70-b983-4277-8193-b76d99f5b6f9,f776c825-271d-4060-b23f-221c2008011b,2026-05-20 14:44:35,2026-05-20 14:44:35
s2001.ms,STA_LUN_05,datastore_removed,0,174.76,5,171.6,1,f75a2ee1-0ae0-48d7-986e-196ff47127c3,5d581e9f-7c3b-40f1-bed5-6c95df85f2ae,2026-03-09 18:12:46,2026-03-10 12:17:26
s2001.ms,STB_LUN_09,datastore_removed,3,130.001,0,0.0,2,45c71636-d2f1-43f9-8345-f6fc99515f1f,b38ccf2b-71e5-4686-827b-86e7cb0931ab,2026-04-08 15:08:12,2026-04-08 15:08:12
s2001.ms,STA_LUN_15,datastore_removed,2,88.804,0,0.0,1,17fb02d4-98b4-4b20-a443-a505cb3b94a5,79e9cb80-3870-4239-9b8a-5863ac0bca53,2026-03-17 15:13:06,2026-03-17 15:13:06
s2001.ms,STA_LUN_14,datastore_removed,1,50.819,0,0.0,2,17fb02d4-98b4-4b20-a443-a505cb3b94a5,7d0b17c8-13a8-41d9-9137-02686d38f553,2026-03-17 15:14:47,2026-03-17 15:14:47
s2001.ms,STC_LUN_03,datastore_removed,11,49.577,0,0.0,1,19697c70-b983-4277-8193-b76d99f5b6f9,c2af04f1-4687-443d-86b1-6dfb53ba9094,2026-05-20 14:43:07,2026-05-20 14:43:07
s2001.ms,STA_LUN_09,datastore_removed,1,28.549,0,0.0,2,b9018474-2a6e-4df2-b3c0-e1c80cf4934a,eb04078a-5bb2-4b6c-9449-62ea4190ad40,2026-03-13 13:35:42,2026-03-13 13:35:42
s2001.ms,STA_LUN_06,datastore_removed,0,7.18,0,0.0,1,12e4c594-fdfa-44a9-91d5-e8577c2c19d0,a7878e16-0931-4beb-a90c-77f5b40cdffa,2026-03-10 12:17:26,2026-03-10 12:17:26
s2001.ms,STB_LUN_06,datastore_removed,2,3.041,0,0.0,2,45c71636-d2f1-43f9-8345-f6fc99515f1f,b050b7f2-7051-4237-9c9d-da2a8c64e23e,2026-04-08 15:11:39,2026-04-08 15:11:39
s2000.ms,STA_LUN_03,datastore_removed,6,2.0,0,0.0,1,d50fbce4-1647-4f2e-8f3c-ee8f09b1933b,08b71ff3-580d-42c6-b3b3-772594987a66,2026-03-09 12:28:29,2026-03-10 12:17:26
s1589.ms,DE800192700032-01-01-service-datastore1,partial_cleanup,1,1.598,7,4.665,1,a55e5400-e292-4063-aa38-dab26d688a5a,f792acde-15bf-49b6-8e74-e83706ee34b7,2026-03-25 17:21:04,2026-03-25 17:21:04
s2001.ms,STD_LUN_01,partial_cleanup,1,1.0,0,0.0,1,19697c70-b983-4277-8193-b76d99f5b6f9,5de525d9-1189-461b-972c-37756757255b,2026-06-01 18:04:56,2026-06-01 18:04:56
s2000.ms,STA_LUN_13,datastore_removed,1,0.022,0,0.0,1,d50fbce4-1647-4f2e-8f3c-ee8f09b1933b,ff85ecd8-4fd3-4b20-9662-a3c58e334f7d,2026-03-16 12:21:21,2026-03-16 12:21:21
s2001.ms,STB_LUN_07,datastore_removed,1,0.001,0,0.0,2,45c71636-d2f1-43f9-8345-f6fc99515f1f,841da1ba-f027-48e8-b118-af09cad19a9f,2026-04-08 15:09:19,2026-04-08 15:09:19
s1589.ms,DE800192700033-01-01-service-datastore1,no_cleanup,0,0.0,7,3.821,1,d3a70e23-9f37-4eb0-a5d5-8ce22724b20f,77093409-b853-4f08-bd17-59dcb8b11a73,2026-03-26 11:45:06,2026-03-26 11:45:06
s1589.ms,VxRail-Virtual-SAN-Datastore-8bad6ded-468e-41cb-b0ed-7c447d9c4689,no_cleanup,0,0.0,21,11356.852,7,d3a70e23-9f37-4eb0-a5d5-8ce22724b20f,86631208-c8f7-441b-8e23-232cb815b4b2,2026-03-26 11:44:40,2026-03-26 11:44:40
s2000.ms,STB_LUN_01,no_cleanup,0,0.0,0,0.0,2,45db7c30-e273-4305-9790-7c85a0284418,7246791c-ad6b-4672-b104-11ddc8826496,2026-05-27 13:23:51,2026-05-27 13:23:51
s2001.ms,STA_LUN_01,datastore_removed,0,0.0,0,0.0,1,19697c70-b983-4277-8193-b76d99f5b6f9,7a7b5d4b-bf4a-473b-9af9-c529a2acc504,2026-06-01 19:25:56,2026-06-01 19:25:56
s2001.ms,STA_LUN_03,no_cleanup,0,0.0,0,0.0,2,12e4c594-fdfa-44a9-91d5-e8577c2c19d0,a7878e16-0931-4beb-a90c-77f5b40cdffa,2026-03-10 12:06:18,2026-03-10 12:06:18
s2001.ms,STA_LUN_16,datastore_removed,0,0.0,0,0.0,1,59cc436b-7b8f-4255-8002-0047fdd9e9f8,995fb00b-8b1c-42b8-a543-38dada8df80c,2026-03-19 13:22:09,2026-03-19 13:22:09
s2001.ms,STA_LUN_17,datastore_removed,0,0.0,0,0.0,2,e20a7104-7e72-4a93-9594-6917dd2863b5,56607efd-a70f-4373-a410-8945f4d74e8b,2026-03-23 12:42:41,2026-03-23 12:42:41
s2001.ms,STA_LUN_TEMP,datastore_removed,0,0.0,0,0.0,1,e20a7104-7e72-4a93-9594-6917dd2863b5,a2cd687c-4177-4727-8aa2-80a1dd2ca5c3,2026-03-24 11:49:59,2026-03-24 11:49:59
s2001.ms,STC_LUN_02,datastore_removed,0,0.0,0,0.0,3,5e09ef45-e47c-4292-b5c0-7d4fc81c677a,3b3e0a2d-9a95-45dc-98ad-d1008a6e69c1,2026-05-20 14:41:53,2026-05-20 14:41:53
s2001.ms,STD_LUN_03,no_cleanup,0,0.0,0,0.0,1,19697c70-b983-4277-8193-b76d99f5b6f9,d3ce9bc5-1d21-40c9-9b03-a82ef863d570,2026-06-01 19:43:39,2026-06-01 19:43:39
s2001.ms,STD_LUN_05,no_cleanup,0,0.0,0,0.0,1,19697c70-b983-4277-8193-b76d99f5b6f9,623fd082-0836-4e86-b544-919b2ca70383,2026-06-01 18:35:29,2026-06-01 18:35:29
s2001.ms,STD_LUN_06,no_cleanup,0,0.0,0,0.0,1,19697c70-b983-4277-8193-b76d99f5b6f9,61984fcc-1db1-49d3-9250-e35fc7f76afe,2026-06-01 18:37:19,2026-06-01 18:37:19
s2001.ms,STD_LUN_08,no_cleanup,0,0.0,0,0.0,1,19697c70-b983-4277-8193-b76d99f5b6f9,f8515740-2212-415c-937e-752e37680474,2026-06-01 18:41:48,2026-06-01 18:41:48
